movieId	genres
89	Thriller
93	Romance
94	Romance
95	Thriller
97	Crime
100	Thriller
101	Romance
102	Comedy
104	Comedy
105	Romance
107	Musical
111	Thriller
116	Documentary
117	Crime
118	Romance
121	Drama
122	Romance
123	Romance
132	Thriller
133	Comedy
138	Drama
141	Comedy
144	Comedy
147	Drama
149	Thriller
150	Adventure
151	War
152	Horror
153	Adventure
154	Drama
157	War
158	Children
161	War
162	Documentary
163	Romance
164	Film_Noir
165	Thriller
166	Crime
171	Comedy
172	Sci_Fi
174	Comedy
178	Comedy
180	Romance
185	Thriller
186	Romance
191	Romance
196	Sci_Fi
197	Drama
198	Mystery
199	Romance
201	Fantasy
204	Action
207	Romance
210	Western
214	War
215	Romance
216	Comedy
218	Comedy
219	Drama
222	Romance
223	Comedy
224	Romance
225	Thriller
229	Thriller
231	Adventure
232	Romance
235	Comedy
237	Romance
246	Documentary
247	Crime
249	Romance
252	Romance
253	Horror
256	Sci_Fi
257	Mystery
259	Thriller
260	Sci_Fi
261	Drama
262	Children
263	Drama
265	Romance
266	War
267	Comedy
270	Romance
279	Drama
281	Romance
282	Drama
288	Thriller
290	Crime
300	Drama
302	Romance
307	Drama
308	Comedy
312	Comedy
314	Fantasy
315	Thriller
316	Sci_Fi
318	Crime
322	Comedy
326	Drama
327	Sci_Fi
329	Sci_Fi
330	Horror
332	Sci_Fi
334	Drama
335	Mystery
337	Drama
339	Romance
342	Comedy
344	Comedy
347	Film_Noir
348	Comedy
350	Mystery
353	Fantasy
355	Fantasy
357	Romance
358	Drama
361	Romance
362	Romance
365	Drama
367	Fantasy
368	Western
370	Action
371	Comedy
372	Romance
374	Children
376	Thriller
377	Romance
378	Romance
379	Sci_Fi
382	Romance
383	Western
384	Crime
393	Fantasy
404	Documentary
405	Fantasy
407	Thriller
410	Fantasy
413	Comedy
420	Thriller
422	Thriller
423	Thriller
424	Drama
426	Sci_Fi
427	Romance
428	Drama
434	Thriller
435	Sci_Fi
436	Thriller
442	Sci_Fi
444	Romance
445	Comedy
448	Drama
451	Romance
454	Thriller
455	Children
456	Thriller
457	Thriller
458	Western
459	Romance
466	War
474	Thriller
475	Drama
478	Crime
479	Thriller
481	Thriller
482	Thriller
483	Drama
485	Fantasy
488	Romance
490	Thriller
495	Drama
497	Romance
501	Drama
504	Sci_Fi
505	Comedy
506	Romance
507	Thriller
508	Drama
509	Romance
510	Drama
512	Sci_Fi
514	Comedy
515	Romance
517	Mystery
518	Comedy
519	Sci_Fi
521	Thriller
524	Drama
529	Drama
532	Horror
533	Fantasy
535	Drama
539	Romance
540	Thriller
541	Sci_Fi
543	Romance
544	Crime
545	Drama
546	Fantasy
547	Thriller
548	Mystery
550	Romance
551	Fantasy
552	Romance
554	Thriller
555	Thriller
556	Documentary
558	Fantasy
565	Horror
567	Comedy
570	Comedy
574	Comedy
575	Children
586	Children
587	Romance
588	Musical
589	Sci_Fi
590	Western
592	Thriller
593	Thriller
594	Fantasy
595	Romance
596	Fantasy
600	Crime
606	Fantasy
608	Thriller
611	Sci_Fi
613	Romance
616	Children
621	Drama
627	Thriller
628	Mystery
635	Comedy
640	Thriller
647	War
648	Mystery
653	Fantasy
659	Thriller
661	Fantasy
665	War
670	Drama
673	Fantasy
678	Thriller
680	Romance
681	Crime
685	Drama
692	Sci_Fi
694	Crime
700	Comedy
704	Adventure
705	Comedy
707	Thriller
709	Musical
712	Romance
716	Crime
719	Comedy
724	Fantasy
728	Comedy
729	Drama
733	Thriller
735	Horror
736	Romance
737	Sci_Fi
743	Comedy
748	Sci_Fi
750	War
751	Horror
757	Drama
760	War
764	Romance
765	Comedy
766	Drama
773	Drama
775	Mystery
778	Crime
780	Sci_Fi
781	Drama
784	Thriller
786	Thriller
788	Romance
789	Drama
798	Thriller
799	Thriller
800	Western
805	Thriller
809	Adventure
818	Comedy
823	Drama
830	Comedy
831	Drama
832	Thriller
833	Comedy
835	Drama
836	Thriller
838	Romance
841	Horror
842	Horror
849	Sci_Fi
850	Crime
851	Drama
854	Drama
858	Crime
866	Romance
875	Crime
879	Thriller
882	Thriller
888	Musical
891	Thriller
897	War
898	Romance
900	Romance
901	Musical
903	Romance
904	Mystery
905	Romance
906	Thriller
907	Romance
908	Romance
910	Crime
911	Romance
912	Romance
913	Film_Noir
914	Romance
915	Romance
917	Children
918	Musical
919	Fantasy
920	War
921	Comedy
922	Film_Noir
923	Mystery
924	Sci_Fi
926	Drama
927	Comedy
928	Romance
929	Film_Noir
930	Film_Noir
931	Romance
933	Romance
934	Comedy
935	Musical
936	Romance
937	Romance
940	Romance
941	Adventure
942	Film_Noir
943	Romance
944	Drama
945	Romance
946	War
947	Romance
949	Drama
950	Crime
951	Romance
952	Adventure
953	Romance
954	Drama
955	Romance
956	Romance
957	Drama
958	Mystery
959	Drama
960	Crime
964	Romance
967	Western
968	Sci_Fi
970	Romance
971	Drama
973	Comedy
974	Romance
976	War
982	Drama
990	Thriller
991	Drama
993	Drama
994	Comedy
996	Thriller
1003	Thriller
1006	Drama
1007	Western
1008	Western
1009	Fantasy
1010	Children
1012	Children
1013	Romance
1014	Children
1015	Children
1017	Children
1018	Mystery
1019	Sci_Fi
1020	Comedy
1021	Children
1022	Romance
1023	Musical
1025	Fantasy
1027	Adventure
1028	Fantasy
1029	Musical
1030	Musical
1033	Children
1034	Thriller
1035	Romance
1037	Sci_Fi
1038	Drama
1041	Drama
1042	Comedy
1049	Adventure
1050	Documentary
1051	Drama
1056	Drama
1059	Romance
1060	Comedy
1066	Romance
1067	Romance
1069	Film_Noir
1076	Thriller
1077	Sci_Fi
1078	War
1079	Crime
1080	Comedy
1083	Musical
1086	Mystery
1088	Romance
1089	Mystery
1090	War
1091	Comedy
1094	Romance
1097	Sci_Fi
1099	Fantasy
1100	Romance
1103	Drama
1104	Drama
1120	Comedy
1123	Documentary
1125	Crime
1128	Horror
1129	Sci_Fi
1130	Mystery
1131	Mystery
1132	Drama
1136	Fantasy
1147	Documentary
1148	Children
1150	Drama
1161	War
1172	Drama
1175	Romance
1176	Romance
1177	Romance
1178	War
1185	Drama
1186	Drama
1187	Drama
1189	Documentary
1191	Musical
1193	Drama
1194	Comedy
1196	Sci_Fi
1197	Romance
1198	Adventure
1200	Sci_Fi
1202	Comedy
1203	Drama
1206	Sci_Fi
1207	Drama
1208	War
1209	Western
1212	Film_Noir
1213	Crime
1214	Sci_Fi
1215	Fantasy
1216	Romance
1217	War
1218	Thriller
1219	Horror
1222	War
1223	Sci_Fi
1224	War
1227	Crime
1231	Drama
1232	Mystery
1234	Crime
1235	Romance
1237	Drama
1238	Comedy
1240	Sci_Fi
1242	War
1244	Romance
1245	Film_Noir
1246	Drama
1247	Romance
1248	Film_Noir
1252	Film_Noir
1253	Sci_Fi
1254	Western
1255	Sci_Fi
1256	War
1258	Horror
1260	Film_Noir
1261	Fantasy
1262	War
1264	Romance
1266	Western
1268	Comedy
1270	Sci_Fi
1271	Crime
1273	Film_Noir
1275	Fantasy
1276	Drama
1278	Fantasy
1279	Comedy
1284	Film_Noir
1285	Comedy
1286	Romance
1287	Adventure
1290	Romance
1291	Adventure
1292	Comedy
1295	Drama
1296	Romance
1297	Comedy
1299	War
1300	Comedy
1302	Fantasy
1304	Western
1305	Romance
1307	Romance
1317	Comedy
1321	Thriller
1323	Horror
1330	Horror
1334	Sci_Fi
1335	Mystery
1336	Thriller
1339	Romance
1340	Sci_Fi
1341	Horror
1344	Thriller
1345	Fantasy
1347	Thriller
1348	Horror
1350	Mystery
1354	Mystery
1356	Sci_Fi
1358	Drama
1360	Drama
1363	Drama
1366	Drama
1367	Children
1370	Thriller
1371	Sci_Fi
1372	Mystery
1373	Sci_Fi
1374	Sci_Fi
1375	Sci_Fi
1376	Sci_Fi
1378	Western
1381	Romance
1382	Action
1385	Thriller
1387	Horror
1388	Thriller
1389	Horror
1391	Sci_Fi
1393	Romance
1394	Comedy
1396	Sci_Fi
1401	Drama
1405	Animation
1406	Drama
1407	Mystery
1408	War
1409	Romance
1413	Drama
1414	Comedy
1416	Musical
1419	Adventure
1425	Comedy
1427	Thriller
1429	Thriller
1432	Thriller
1438	Thriller
1449	Comedy
1453	Romance
1459	Mystery
1461	Comedy
1464	Film_Noir
1468	Romance
1476	Comedy
1480	Thriller
1483	Thriller
1485	Comedy
1496	Romance
1497	Action
1500	Romance
1503	Comedy
1509	Drama
1513	Comedy
1515	Thriller
1517	Adventure
1518	Thriller
1527	Sci_Fi
1529	Comedy
1533	Drama
1534	Drama
1537	Romance
1544	Sci_Fi
1545	Drama
1552	Thriller
1554	Romance
1562	Fantasy
1563	Drama
1570	Sci_Fi
1580	Sci_Fi
1581	Comedy
1584	Sci_Fi
1587	Fantasy
1588	Children
1591	Sci_Fi
1595	Children
1601	Film_Noir
1603	Sci_Fi
1604	Action
1605	Romance
1608	Thriller
1611	Romance
1614	Comedy
1615	Adventure
1617	Film_Noir
1619	War
1620	Mystery
1623	Horror
1624	Drama
1625	Mystery
1626	Thriller
1627	Mystery
1633	Drama
1635	Drama
1644	Mystery
1645	Mystery
1647	Thriller
1649	Documentary
1650	Drama
1653	Sci_Fi
1656	Romance
1658	Romance
1659	Drama
1663	War
1665	Comedy
1672	Drama
1674	Romance
1675	Thriller
1676	Sci_Fi
1677	Comedy
1678	Romance
1680	Romance
1682	Sci_Fi
1684	Romance
1686	Thriller
1687	Thriller
1688	Musical
1689	Thriller
1690	Sci_Fi
1694	Drama
1696	War
1699	Comedy
1701	Comedy
1711	Mystery
1713	Children
1717	Mystery
1719	Drama
1721	Romance
1722	Thriller
1726	Sci_Fi
1729	Thriller
1732	Crime
1735	Romance
1748	Film_Noir
1749	Romance
1760	Comedy
1770	Romance
1772	Musical
1777	Romance
1779	Sci_Fi
1783	Romance
1784	Romance
1785	Thriller
1791	Thriller
1799	Mystery
1801	Adventure
1804	Crime
1805	Mystery
1806	Children
1809	Crime
1810	Comedy
1816	Comedy
1820	Romance
1826	Children
1827	Documentary
1831	Sci_Fi
1833	Thriller
1836	Comedy
1840	Drama
1859	Drama
1875	Comedy
1876	Sci_Fi
1881	Fantasy
1882	Sci_Fi
1884	Adventure
1889	Mystery
1891	Thriller
1892	Thriller
1894	Romance
1895	Romance
1897	Romance
1904	Comedy
1907	Musical
1909	Mystery
1912	Romance
1914	Comedy
1917	Romance
1918	Thriller
1919	Children
1921	Sci_Fi
1924	Sci_Fi
1925	War
1926	Musical
1927	War
1929	Romance
1931	Adventure
1932	Musical
1933	Drama
1934	Romance
1935	Romance
1936	War
1938	Drama
1939	War
1940	Drama
1941	Drama
1942	Drama
1943	Drama
1945	Crime
1948	Romance
1949	Drama
1950	Mystery
1951	Musical
1952	Drama
1953	Thriller
1955	Drama
1956	Drama
1957	Drama
1958	Comedy
1959	Romance
1960	Drama
1961	Drama
1962	Drama
1963	Crime
1964	Mystery
1965	Sci_Fi
1968	Comedy
1969	Horror
1971	Thriller
1972	Horror
1974	Mystery
1975	Horror
1976	Horror
1978	Horror
1980	Horror
1982	Horror
1983	Horror
1984	Horror
1985	Horror
1986	Horror
1987	Horror
1991	Thriller
1992	Thriller
1994	Thriller
1998	Horror
1999	Horror
2001	Crime
2002	Crime
2004	Horror
2005	Fantasy
2008	Film_Noir
2009	Mystery
2010	Sci_Fi
2011	Sci_Fi
2013	Adventure
2015	Fantasy
2016	Western
2021	Sci_Fi
2022	Drama
2023	Mystery
2024	Mystery
2025	Romance
2026	Thriller
2028	War
2033	Fantasy
2034	Sci_Fi
2038	Sci_Fi
2046	Sci_Fi
2052	Fantasy
2054	Fantasy
2056	Children
2057	Children
2058	Mystery
2059	Romance
2064	Documentary
2065	Romance
2066	Film_Noir
2067	War
2068	Fantasy
2074	Romance
2075	War
2077	Children
2078	Musical
2079	Children
2080	Romance
2081	Romance
2082	Children
2083	Musical
2084	Musical
2085	Children
2087	Fantasy
2089	Children
2090	Children
2092	Romance
2094	Sci_Fi
2095	Children
2096	Musical
2097	Fantasy
2098	Children
2099	Musical
2100	Romance
2104	Drama
2105	Sci_Fi
2106	War
2109	Comedy
2114	Drama
2115	Fantasy
2117	Sci_Fi
2118	Thriller
2119	Horror
2120	Horror
2122	Thriller
2124	Fantasy
2125	Romance
2126	Mystery
2127	Romance
2128	Comedy
2132	Drama
2133	Adventure
2135	Musical
2136	Sci_Fi
2137	Children
2138	Fantasy
2139	Children
2140	Fantasy
2142	Musical
2144	Romance
2145	Romance
2146	Romance
2147	Fantasy
2148	Fantasy
2149	Fantasy
2150	Adventure
2158	Horror
2159	Thriller
2160	Thriller
2161	Fantasy
2162	Fantasy
2163	Horror
2166	Romance
2170	Action
2171	Romance
2173	Fantasy
2176	Thriller
2177	Thriller
2179	Thriller
2180	Thriller
2181	Romance
2182	Film_Noir
2184	Mystery
2186	Film_Noir
2191	Comedy
2193	Fantasy
2194	Crime
2195	Comedy
2201	Drama
2202	War
2203	Thriller
2204	Mystery
2205	Romance
2207	Drama
2210	Thriller
2211	Thriller
2212	Thriller
2219	Mystery
2221	Thriller
2222	Comedy
2225	Drama
2226	Drama
2227	Thriller
2229	Drama
2231	Drama
2232	Mystery
2237	Drama
2240	Drama
2241	Comedy
2243	Romance
2247	Comedy
2248	Romance
2252	Comedy
2253	Fantasy
2255	Comedy
2256	Sci_Fi
2257	Romance
2260	Crime
2261	Comedy
2262	Romance
2264	Crime
2267	Mystery
2269	Romance
2273	Thriller
2275	Sci_Fi
2282	Comedy
2285	Drama
2287	Sci_Fi
2288	Sci_Fi
2289	Crime
2290	Comedy
2291	Romance
2294	Fantasy
2296	Comedy
2300	Comedy
2302	Comedy
2303	Musical
2308	Crime
2310	Drama
2311	Sci_Fi
2312	Drama
2315	Thriller
2320	Thriller
2322	War
2324	War
2325	Comedy
2329	Crime
2333	Drama
2335	Comedy
2336	Drama
2337	Drama
2338	Mystery
2346	Mystery
2347	Drama
2348	Drama
2351	Drama
2353	Thriller
2355	Children
2356	Comedy
2357	Drama
2358	War
2360	Drama
2361	Comedy
2362	Drama
2363	Sci_Fi
2364	Sci_Fi
2366	Fantasy
2367	Romance
2369	Romance
2370	Adventure
2371	Mystery
2373	Fantasy
2374	Comedy
2376	Thriller
2377	Sci_Fi
2378	Crime
2379	Crime
2381	Crime
2383	Crime
2384	Children
2387	Crime
2391	Thriller
2393	Romance
2394	Musical
2396	Romance
2399	Fantasy
2401	Western
2402	Thriller
2405	Romance
2407	Sci_Fi
2410	Action
2413	Mystery
2415	Romance
2416	Comedy
2420	Drama
2421	Adventure
2423	Comedy
2424	Romance
2428	Sci_Fi
2430	Children
2431	Comedy
2432	Drama
2433	Drama
2435	Drama
2436	War
2440	Drama
2442	Drama
2444	Comedy
2445	Drama
2447	Comedy
2448	Sci_Fi
2449	Children
2451	Horror
2453	Fantasy
2454	Mystery
2455	Sci_Fi
2457	Action
2458	Crime
2459	Horror
2460	Horror
2461	Thriller
2462	Horror
2463	Comedy
2465	Horror
2467	Mystery
2468	Romance
2469	Comedy
2470	Adventure
2471	Adventure
2473	Comedy
2474	Drama
2475	Mystery
2478	Western
2483	Thriller
2490	Thriller
2494	Documentary
2495	Sci_Fi
2497	Romance
2500	Comedy
2501	Drama
2502	Crime
2505	Mystery
2507	Sci_Fi
2513	Horror
2515	Horror
2516	Horror
2517	Horror
2519	Thriller
2522	Drama
2523	Thriller
2524	Thriller
2525	Sci_Fi
2527	Western
2528	Sci_Fi
2530	Sci_Fi
2532	Sci_Fi
2540	Thriller
2545	Comedy
2548	Horror
2549	Sci_Fi
2551	Thriller
2552	Comedy
2554	Sci_Fi
2557	Thriller
2565	Romance
2566	Children
2567	Comedy
2572	Romance
2575	Drama
2579	Mystery
2580	Crime
2581	Romance
2582	Action
2587	Crime
2590	Drama
2594	Romance
2596	Comedy
2598	Comedy
2599	Comedy
2600	Sci_Fi
2606	Horror
2607	Romance
2611	Drama
2612	Film_Noir
2617	Fantasy
2618	Comedy
2622	Fantasy
2626	Romance
2627	Documentary
2628	Sci_Fi
2634	Horror
2637	Horror
2640	Sci_Fi
2641	Sci_Fi
2642	Sci_Fi
2643	Sci_Fi
2644	Horror
2646	Horror
2647	Horror
2649	Horror
2650	Horror
2651	Horror
2653	Horror
2654	Fantasy
2655	Horror
2657	Musical
2661	Sci_Fi
2663	Sci_Fi
2664	Sci_Fi
2668	Sci_Fi
2670	War
2672	Sci_Fi
2677	Musical
2681	Romance
2682	Drama
2683	Adventure
2686	Mystery
2688	Mystery
2690	Romance
2691	Drama
2692	Crime
2694	Comedy
2696	Comedy
2697	Romance
2699	Horror
2700	Musical
2701	Western
2702	Drama
2706	Romance
2709	Children
2710	Thriller
2712	Mystery
2716	Sci_Fi
2717	Fantasy
2718	Comedy
2722	Sci_Fi
2723	Fantasy
2726	Film_Noir
2727	Film_Noir
2729	Romance
2731	Crime
2734	Thriller
2735	Fantasy
2736	Comedy
2737	Thriller
2738	Comedy
2739	Drama
2740	Sci_Fi
2743	Drama
2747	Horror
2748	Adventure
2752	Mystery
2753	Thriller
2755	Drama
2757	Drama
2758	Drama
2759	Comedy
2760	Drama
2761	Sci_Fi
2762	Mystery
2763	Mystery
2764	Romance
2765	Comedy
2769	Crime
2772	Comedy
2778	Romance
2781	Horror
2783	Horror
2785	Horror
2786	Comedy
2788	Comedy
2791	Comedy
2792	Comedy
2794	Romance
2795	Comedy
2797	Romance
2802	Romance
2803	Romance
2804	Children
2805	Romance
2808	Sci_Fi
2810	Mystery
2814	Horror
2815	War
2823	Adventure
2826	Fantasy
2836	Comedy
2841	Mystery
2843	Romance
2847	Romance
2849	Comedy
2855	Horror
2857	Fantasy
2858	Comedy
2859	Musical
2863	Musical
2866	Drama
2867	Thriller
2872	Fantasy
2874	Romance
2875	Romance
2877	Musical
2878	Horror
2881	Thriller
2882	Drama
2890	War
2892	Action
2898	Mystery
2899	Children
2900	Sci_Fi
2901	Sci_Fi
2902	Mystery
2908	Drama
2912	Thriller
2915	Comedy
2916	Sci_Fi
2917	Thriller
2919	War
2921	Western
2922	Western
2925	Drama
2927	Romance
2928	Drama
2929	Romance
2931	Fantasy
2932	Drama
2933	Drama
2935	Romance
2936	Romance
2937	Comedy
2940	Film_Noir
2941	War
2944	War
2946	Musical
2948	Thriller
2949	Thriller
2950	Romance
2955	Drama
2956	Thriller
2957	Drama
2959	Thriller
2961	Comedy
2962	Romance
2966	Adventure
2967	Thriller
2968	Fantasy
2969	Romance
2970	Adventure
2971	Fantasy
2973	Crime
2986	Sci_Fi
2987	Fantasy
2989	Thriller
2991	Thriller
2992	Thriller
2993	Thriller
2996	Drama
2997	Fantasy
3000	Fantasy
3005	Thriller
3008	Sci_Fi
3010	Drama
3012	Comedy
3014	Comedy
3015	Thriller
3016	Horror
3017	Horror
3018	Sci_Fi
3019	Crime
3021	Horror
3028	Comedy
3029	Action
3030	Adventure
3032	Sci_Fi
3033	Sci_Fi
3035	War
3036	Adventure
3037	Western
3038	Drama
3039	Comedy
3040	Comedy
3041	Comedy
3042	Comedy
3043	Comedy
3044	Romance
3047	Drama
3049	War
3052	Fantasy
3053	War
3055	Thriller
3058	Sci_Fi
3061	Musical
3062	War
3063	Thriller
3068	Mystery
3070	Sci_Fi
3071	Comedy
3073	Romance
3074	Western
3075	Horror
3076	Comedy
3079	Romance
3082	Thriller
3083	Drama
3086	Fantasy
3087	Romance
3088	Fantasy
3090	Drama
3091	War
3094	Romance
3095	Drama
3097	Romance
3098	Drama
3099	Romance
3100	Drama
3101	Thriller
3102	Romance
3104	Thriller
3106	Romance
3107	Action
3108	Romance
3110	Drama
3111	Drama
3112	Drama
3120	Comedy
3121	Film_Noir
3127	Comedy
3128	Drama
3129	Comedy
3130	Crime
3133	Western
3134	War
3135	Drama
3140	Comedy
3142	Musical
3144	Romance
3146	Comedy
3147	Crime
3148	Drama
3151	Mystery
3152	Drama
3153	Fantasy
3155	Romance
3157	Fantasy
3159	Musical
3160	Drama
3163	Musical
3164	Drama
3165	Action
3167	Comedy
3168	Adventure
3173	Drama
3175	Sci_Fi
3176	Mystery
3178	Drama
3179	Drama
3181	Drama
3185	Drama
3186	Drama
3190	Sci_Fi
3194	Romance
3196	War
3198	Crime
3199	Romance
3200	Comedy
3201	Drama
3203	Thriller
3204	Mystery
3206	Romance
3207	Adventure
3208	Action
3210	Romance
3211	Drama
3213	Children
3216	Fantasy
3218	Drama
3219	Mystery
3221	Drama
3223	Drama
3224	Drama
3229	Crime
3230	Thriller
3238	Thriller
3243	Comedy
3244	Romance
3245	Drama
3246	Drama
3247	Crime
3248	Comedy
3252	Drama
3253	Comedy
3254	Comedy
3255	Comedy
3256	Thriller
3257	Romance
3258	Fantasy
3259	Romance
3260	Drama
3261	Romance
3262	Mystery
3264	Horror
3268	Action
3271	Drama
3272	Crime
3274	Thriller
3275	Thriller
3276	Comedy
3281	Documentary
3285	Adventure
3287	Children
3296	Drama
3297	Documentary
3300	Sci_Fi
3304	Crime
3306	Comedy
3307	Romance
3309	Comedy
3310	Comedy
3317	Comedy
3323	Crime
3328	Crime
3330	Romance
3334	Film_Noir
3336	War
3338	Documentary
3339	War
3340	Sci_Fi
3343	Romance
3349	Comedy
3350	Drama
3358	Romance
3359	Comedy
3360	Romance
3361	Romance
3362	Crime
3363	Comedy
3364	Film_Noir
3365	Western
3368	Romance
3370	Thriller
3371	Drama
3372	War
3374	Drama
3375	Sci_Fi
3376	Romance
3379	Drama
3384	Crime
3385	Comedy
3386	Mystery
3390	Romance
3393	Romance
3395	Comedy
3396	Musical
3397	Children
3398	Musical
3399	Children
3402	Romance
3404	Action
3405	Action
3408	Drama
3412	Children
3415	Drama
3417	Adventure
3418	Adventure
3422	Romance
3423	Drama
3424	Drama
3426	Romance
3428	Drama
3431	Action
3433	Action
3435	Film_Noir
3439	Fantasy
3440	Fantasy
3443	Thriller
3445	Mystery
3447	Drama
3448	War
3450	Comedy
3451	Drama
3452	Romance
3455	Thriller
3459	Horror
3462	Romance
3466	Fantasy
3468	Drama
3469	Drama
3470	Adventure
3471	Sci_Fi
3475	Romance
3477	Comedy
3478	Drama
3479	Romance
3480	Romance
3481	Romance
3483	Children
3487	Western
3490	Horror
3492	Romance
3496	Drama
3498	Drama
3499	Thriller
3500	Comedy
3501	Romance
3502	Drama
3503	Mystery
3504	Comedy
3516	Romance
3520	Comedy
3521	Comedy
3524	Romance
3526	Comedy
3527	Sci_Fi
3528	Romance
3529	Thriller
3535	Mystery
3536	Romance
3538	Comedy
3543	Comedy
3544	Comedy
3545	Musical
3546	Thriller
3549	Romance
3551	Thriller
3556	Romance
3557	Mystery
3563	Horror
3565	Comedy
3569	Comedy
3581	Comedy
3584	Romance
3585	War
3587	Horror
3590	Comedy
3591	Comedy
3593	Sci_Fi
3599	Musical
3604	Musical
3606	Romance
3614	Romance
3618	Crime
3621	Horror
3622	Comedy
3623	Thriller
3624	Western
3629	Romance
3633	Romance
3638	Sci_Fi
3639	Thriller
3640	Comedy
3641	Drama
3646	Comedy
3650	Horror
3652	Horror
3653	Documentary
3654	War
3655	Drama
3658	Sci_Fi
3659	Sci_Fi
3668	Romance
3670	War
3675	Romance
3676	Horror
3677	Documentary
3678	Drama
3681	Western
3682	Thriller
3683	Film_Noir
3685	Romance
3686	Sci_Fi
3687	Fantasy
3689	Comedy
3692	Horror
3693	Horror
3696	Sci_Fi
3697	Sci_Fi
3699	Romance
3700	Sci_Fi
3701	Sci_Fi
3702	Sci_Fi
3704	Sci_Fi
3705	Romance
3707	Romance
3708	Thriller
3715	Crime
3716	Crime
3717	Crime
3723	Drama
3725	Musical
3726	Thriller
3727	Western
3728	Film_Noir
3729	Thriller
3733	Drama
3734	Drama
3735	Crime
3736	Drama
3738	Drama
3741	Thriller
3742	War
3744	Thriller
3745	Sci_Fi
3747	Drama
3751	Children
3752	Adventure
3753	War
3756	Drama
3758	Sci_Fi
3761	Thriller
3763	Thriller
3765	Romance
3766	War
3768	War
3771	Fantasy
3772	Fantasy
3773	Comedy
3775	Musical
3776	Musical
3781	Crime
3782	Crime
3785	Horror
3786	Comedy
3787	Comedy
3788	Mystery
3789	Drama
3792	Western
3793	Sci_Fi
3794	Comedy
3795	Drama
3798	Mystery
3801	Mystery
3802	Sci_Fi
3807	Fantasy
3808	War
3809	Comedy
3810	Thriller
3811	War
3813	Drama
3814	Comedy
3819	Comedy
3822	Romance
3825	Romance
3827	Sci_Fi
3832	Horror
3833	Sci_Fi
3837	Fantasy
3838	Horror
3839	Horror
3840	Horror
3844	Drama
3849	Thriller
3857	Thriller
3858	Comedy
3859	Documentary
3861	Comedy
3864	Sci_Fi
3868	Romance
3870	Drama
3872	Drama
3875	Horror
3878	Sci_Fi
3882	Comedy
3889	Fantasy
3893	Romance
3896	Thriller
3897	Drama
3905	Comedy
3910	Musical
3911	Comedy
3915	Drama
3918	Horror
3919	Horror
3925	Comedy
3928	Horror
3929	Comedy
3930	Sci_Fi
3931	Sci_Fi
3932	Sci_Fi
3937	Sci_Fi
3945	Children
3946	Thriller
3952	Thriller
3953	Romance
3959	Sci_Fi
3961	Horror
3963	Musical
3964	Children
3965	Film_Noir
3966	Film_Noir
3967	Drama
3968	Comedy
3969	Drama
3970	Horror
3972	Action
3973	Mystery
3977	Action
3978	Romance
3979	Comedy
3980	Drama
3981	Sci_Fi
3984	Thriller
3989	Documentary
3994	Sci_Fi
3996	Romance
3998	Drama
3999	Adventure
4000	Adventure
4001	Action
4002	Comedy
4005	Thriller
4006	Sci_Fi
4007	Drama
4009	Drama
4010	Comedy
4011	Thriller
4014	Romance
4015	Sci_Fi
4016	Fantasy
4017	Drama
4020	Thriller
4022	Drama
4027	Adventure
4028	Drama
4031	Romance
4036	Horror
4041	Romance
4042	War
4043	Crime
4045	Western
4046	Drama
4047	War
4051	Sci_Fi
4052	Thriller
4054	Romance
4061	Romance
4064	Thriller
4065	Crime
4066	Action
4068	Comedy
4069	Romance
4079	Sci_Fi
4080	Comedy
4081	Comedy
4083	Thriller
4085	Crime
4086	Romance
4088	Romance
4089	Comedy
4091	Romance
4092	Romance
4095	Drama
4097	Thriller
4099	Action
4100	Comedy
4101	Drama
4103	War
4105	Fantasy
4108	Drama
4109	Thriller
4110	Thriller
4112	Mystery
4116	Comedy
4117	Drama
4118	Comedy
4121	Sci_Fi
4122	Drama
4123	Comedy
4124	Thriller
4127	Comedy
4128	Thriller
4129	Romance
4130	Fantasy
4131	Romance
4133	Fantasy
4137	Comedy
4139	Crime
4142	Thriller
4144	Romance
4146	Romance
4148	Thriller
4149	Romance
4151	Romance
4153	Romance
4154	Children
4159	Thriller
4167	Thriller
4174	Drama
4175	Comedy
4176	Drama
4178	Drama
4180	Action
4181	Comedy
4183	Comedy
4184	Romance
4186	Romance
4188	Musical
4189	Drama
4190	Drama
4191	Romance
4192	Drama
4193	Musical
4194	War
4197	Comedy
4198	Sci_Fi
4200	Action
4201	Comedy
4210	Thriller
4211	Drama
4212	Mystery
4214	Comedy
4218	Crime
4220	Comedy
4222	Horror
4223	War
4225	Comedy
4226	Mystery
4232	Children
4235	Thriller
4236	Documentary
4238	Mystery
4239	Crime
4240	Fantasy
4242	Thriller
4246	Romance
4250	Sci_Fi
4251	Thriller
4255	Comedy
4259	Romance
4262	Crime
4265	Thriller
4270	Thriller
4274	Romance
4275	Fantasy
4276	Comedy
4277	Sci_Fi
4279	Crime
4282	Drama
4283	Drama
4285	Romance
4292	Drama
4293	Comedy
4294	Fantasy
4296	Romance
4297	Drama
4300	Drama
4301	Musical
4303	Comedy
4308	Romance
4310	War
4313	Drama
4314	Drama
4317	Romance
4318	Comedy
4320	Western
4321	Western
4327	Western
4329	Western
4330	Drama
4333	Crime
4334	Drama
4336	Thriller
4338	War
4339	War
4341	Comedy
4344	Crime
4345	Drama
4353	War
4354	Thriller
4355	Action
4356	Romance
4358	Thriller
4360	Musical
4361	Romance
4366	Fantasy
4367	Adventure
4369	Thriller
4370	Sci_Fi
4378	Crime
4380	Romance
4381	Comedy
4383	Mystery
4386	Children
4388	Comedy
4389	Drama
4390	Thriller
4391	Drama
4393	Drama
4394	Musical
4395	Crime
4396	Action
4399	Comedy
4400	Sci_Fi
4403	Horror
4404	Fantasy
4405	Drama
4406	Western
4410	Crime
4413	Sci_Fi
4415	Comedy
4417	Horror
4418	Comedy
4419	Romance
4423	Drama
4424	Drama
4425	Horror
4426	Film_Noir
4432	Film_Noir
4433	Drama
4436	Mystery
4437	Horror
4438	Romance
4440	Thriller
4442	Action
4443	Sci_Fi
4446	Fantasy
4447	Romance
4448	Action
4450	Thriller
4454	Sci_Fi
4462	Fantasy
4464	Romance
4466	Crime
4467	Fantasy
4473	War
4474	Musical
4475	War
4476	Comedy
4477	Children
4485	Comedy
4486	Drama
4489	Romance
4490	Comedy
4492	Sci_Fi
4493	Sci_Fi
4496	Film_Noir
4497	Sci_Fi
4498	Thriller
4499	Comedy
4500	Comedy
4506	Mystery
4508	Drama
4509	Comedy
4513	Thriller
4516	Comedy
4517	Mystery
4518	Horror
4519	Fantasy
4522	Romance
4527	Romance
4528	War
4529	Comedy
4530	Drama
4531	Action
4532	Horror
4534	Western
4537	Drama
4540	Romance
4544	Sci_Fi
4545	Sci_Fi
4546	Thriller
4547	Crime
4548	Western
4550	Comedy
4552	Sci_Fi
4553	Sci_Fi
4556	Mystery
4557	Drama
4560	Sci_Fi
4565	Adventure
4573	Comedy
4575	Adventure
4577	War
4578	Romance
4582	Thriller
4583	Action
4585	Comedy
4587	Musical
4593	Comedy
4603	Romance
4605	Fantasy
4608	Crime
4611	Crime
4615	Drama
4616	Drama
4617	Comedy
4618	Sci_Fi
4621	Romance
4622	Comedy
4624	Musical
4625	Sci_Fi
4626	Romance
4628	Comedy
4632	Thriller
4633	Horror
4635	Action
4638	Sci_Fi
4640	Thriller
4641	Comedy
4644	Romance
4649	Comedy
4651	Action
4654	Action
4655	Drama
4658	Mystery
4659	Drama
4661	Thriller
4664	Romance
4670	Thriller
4671	Drama
4673	Thriller
4675	Action
4677	Crime
4678	Comedy
4679	Comedy
4680	Fantasy
4687	Comedy
4688	Adventure
4689	Mystery
4691	Sci_Fi
4692	Drama
4695	Crime
4697	Horror
4701	Action
4702	Comedy
4703	Drama
4706	Comedy
4708	Musical
4709	Musical
4712	Drama
4713	Sci_Fi
4714	Comedy
4716	Drama
4717	Action
4718	Comedy
4720	Mystery
4727	War
4729	Drama
4731	Drama
4734	Adventure
4735	Sci_Fi
4741	Romance
4743	Romance
4744	Horror
4745	Drama
4769	Documentary
4772	Drama
4774	Crime
4776	Thriller
4777	Musical
4786	Thriller
4787	Drama
4789	Fantasy
4791	Western
4792	Horror
4793	Comedy
4794	Mystery
4799	Comedy
4800	Romance
4801	Drama
4802	War
4803	Thriller
4806	Drama
4807	Comedy
4808	Mystery
4809	Drama
4812	Sci_Fi
4814	Thriller
4816	Comedy
4826	War
4827	Horror
4832	Drama
4834	Comedy
4835	Drama
4837	Thriller
4844	Romance
4846	Action
4847	Drama
4848	Film_Noir
4849	Comedy
4852	Horror
4855	Thriller
4856	Documentary
4858	Documentary
4863	Crime
4865	Mystery
4867	Comedy
4870	Drama
4871	Drama
4872	Drama
4873	Fantasy
4874	Fantasy
4878	Mystery
4881	Crime
4884	Documentary
4886	Fantasy
4887	Sci_Fi
4888	Drama
4889	Crime
4894	Western
4896	Fantasy
4899	Fantasy
4901	Thriller
4902	War
4905	Crime
4907	Crime
4908	War
4911	Fantasy
4912	Romance
4914	Romance
4915	Fantasy
4917	Drama
4919	Romance
4920	Romance
4923	War
4927	Fantasy
4929	Comedy
4930	Thriller
4936	Musical
4937	Comedy
4939	Sci_Fi
4940	Thriller
4941	Sci_Fi
4943	Sci_Fi
4944	Sci_Fi
4947	Action
4951	Thriller
4952	Sci_Fi
4953	Sci_Fi
4956	Romance
4957	Thriller
4963	Thriller
4966	Sci_Fi
4967	War
4969	Mystery
4970	Drama
4974	Comedy
4978	Mystery
4979	Comedy
4980	Fantasy
4985	Fantasy
4987	Sci_Fi
4989	Comedy
4990	Children
4992	Romance
4993	Fantasy
4994	Romance
4995	Romance
4998	Thriller
4999	Romance
5000	Romance
5002	Animation
5003	Animation
5005	Drama
5007	Thriller
5008	Mystery
5011	Romance
5014	Drama
5016	Drama
5017	Film_Noir
5021	Mystery
5022	Drama
5027	Thriller
5029	Thriller
5033	Thriller
5035	Drama
5036	Comedy
5038	Fantasy
5039	Fantasy
5042	Musical
5044	Drama
5045	Sci_Fi
5046	Sci_Fi
5049	Crime
5051	Romance
5054	Sci_Fi
5056	Crime
5057	Western
5058	Drama
5061	Romance
5062	Mystery
5065	Fantasy
5066	Romance
5068	Drama
5073	Drama
5076	Children
5078	Romance
5079	Romance
5085	Musical
5088	Crime
5090	Drama
5091	Romance
5093	Thriller
5097	Comedy
5099	Children
5100	Comedy
5101	Documentary
5102	Fantasy
5103	Children
5105	Thriller
5107	War
5109	Children
5110	Mystery
5111	Thriller
5113	Crime
5114	Drama
5116	Comedy
5117	Musical
5118	Romance
5119	Drama
5120	Mystery
5122	Drama
5127	Romance
5128	Fantasy
5136	Horror
5137	Documentary
5142	Comedy
5143	Western
5144	Western
5150	Drama
5152	War
5153	Thriller
5156	Action
5159	Musical
5160	Thriller
5162	Drama
5163	Horror
5165	Horror
5171	Sci_Fi
5177	Romance
5178	Crime
5179	Thriller
5182	Fantasy
5184	Western
5185	Comedy
5187	Comedy
5189	Sci_Fi
5195	Horror
5196	War
5198	Thriller
5199	Western
5204	Sci_Fi
5205	Horror
5206	Horror
5213	Comedy
5214	Fantasy
5218	Children
5219	Sci_Fi
5220	Action
5222	Romance
5226	Romance
5227	Adventure
5228	Horror
5230	Western
5233	Comedy
5235	Sci_Fi
5241	Romance
5242	Comedy
5244	Adventure
5246	Action
5248	Action
5249	Comedy
5254	Thriller
5258	Drama
5263	Thriller
5264	Sci_Fi
5265	Crime
5267	Drama
5276	Romance
5277	Thriller
5279	Romance
5283	Comedy
5288	War
5290	Sci_Fi
5292	Comedy
5293	Thriller
5294	Thriller
5296	Romance
5297	Thriller
5298	Romance
5299	Romance
5300	Western
5303	Romance
5304	War
5305	Sci_Fi
5308	Comedy
5310	Horror
5311	Mystery
5312	Thriller
5313	Fantasy
5316	Romance
5319	Thriller
5323	Sci_Fi
5324	Romance
5327	Drama
5328	Romance
5329	Thriller
5332	Adventure
5334	Crime
5335	Romance
5340	Drama
5341	Drama
5342	Mystery
5352	Thriller
5353	Comedy
5359	Drama
5363	Comedy
5367	Romance
5369	Action
5370	Action
5372	Musical
5373	War
5377	Romance
5383	Mystery
5384	Crime
5386	War
5388	Mystery
5390	Drama
5392	Romance
5394	Thriller
5398	Drama
5404	Romance
5410	Sci_Fi
5411	Romance
5415	Comedy
5417	Fantasy
5419	Fantasy
5422	Comedy
5423	Thriller
5428	Comedy
5433	Mystery
5434	Film_Noir
5435	Western
5436	Comedy
5437	Sci_Fi
5438	Action
5439	Comedy
5440	Western
5442	Crime
5444	Sci_Fi
5445	Mystery
5446	Adventure
5447	Drama
5449	Romance
5450	Romance
5452	Romance
5453	Comedy
5454	Romance
5461	Comedy
5462	Adventure
5468	Sci_Fi
5470	Romance
5472	Musical
5475	Mystery
5476	Thriller
5480	Children
5481	Comedy
5485	Romance
5488	Drama
5489	Horror
5490	Action
5493	Adventure
5497	Sci_Fi
5498	Drama
5499	Romance
5500	Comedy
5502	Sci_Fi
5505	Comedy
5507	Thriller
5508	Musical
5524	Romance
5525	Romance
5527	Romance
5540	Romance
5541	War
5543	Sci_Fi
5544	Sci_Fi
5547	Romance
5551	Horror
5552	Sci_Fi
5553	Romance
5559	Drama
5564	Thriller
5567	Thriller
5568	Comedy
5570	Thriller
5572	Comedy
5577	Comedy
5582	Adventure
5583	Mystery
5587	Horror
5588	Horror
5595	Horror
5599	Romance
5601	Children
5602	Crime
5604	Sci_Fi
5605	Drama
5606	Mystery
5607	Comedy
5608	Thriller
5611	War
5613	Musical
5616	Fantasy
5617	Romance
5618	Fantasy
5619	Documentary
5620	Romance
5628	Thriller
5630	Mystery
5632	Drama
5633	Drama
5637	Drama
5640	Sci_Fi
5643	Documentary
5646	Romance
5651	War
5653	Western
5655	Thriller
5657	Action
5660	Thriller
5666	Romance
5667	Fantasy
5670	Documentary
5673	Romance
5678	Thriller
5679	Mystery
5686	War
5689	Crime
5691	Horror
5692	Thriller
5693	Romance
5695	Fantasy
5706	Romance
5712	Mystery
5713	Horror
5715	Horror
5721	Drama
5722	Comedy
5726	Horror
5728	Thriller
5729	Romance
5731	Horror
5732	Thriller
5733	Thriller
5734	Documentary
5736	Documentary
5741	Romance
5742	Comedy
5743	Action
5745	Comedy
5746	Mystery
5747	War
5748	Crime
5755	Mystery
5759	Comedy
5760	Romance
5763	Drama
5764	Sci_Fi
5767	Crime
5770	Crime
5771	Thriller
5774	Sci_Fi
5775	Drama
5777	Romance
5780	Comedy
5784	Horror
5786	Action
5787	Mystery
5788	Drama
5791	Romance
5792	Comedy
5794	Drama
5795	Film_Noir
5796	Adventure
5797	Fantasy
5799	War
5801	War
5802	Comedy
5803	Adventure
5810	Drama
5812	Romance
5813	Romance
5817	War
5825	War
5828	Thriller
5830	Sci_Fi
5838	Drama
5839	Adventure
5843	Action
5853	Sci_Fi
5854	Romance
5855	Musical
5862	Horror
5863	Comedy
5867	Thriller
5869	Crime
5870	Thriller
5872	Thriller
5876	War
5878	Romance
5882	Sci_Fi
5891	Thriller
5895	Fantasy
5898	Fantasy
5901	Crime
5902	Romance
5903	Sci_Fi
5909	Horror
5910	War
5919	Sci_Fi
5923	Comedy
5925	Horror
5926	Romance
5932	Documentary
5933	Drama
5937	Drama
5940	Comedy
5944	Sci_Fi
5945	Comedy
5949	Thriller
5956	Crime
5959	Thriller
5960	Thriller
5962	Thriller
5964	Action
5965	War
5971	Fantasy
5972	Comedy
5975	War
5977	Comedy
5980	Mystery
5981	Sci_Fi
5983	Sci_Fi
5986	Drama
5989	Crime
5990	Fantasy
5991	Musical
5992	Romance
5993	Drama
5995	War
6001	Comedy
6002	Drama
6013	Action
6020	Comedy
6021	Mystery
6023	Romance
6031	Romance
6032	Romance
6033	Comedy
6037	Romance
6040	Thriller
6041	Drama
6044	Thriller
6045	Crime
6051	Crime
6059	Thriller
6062	Documentary
6063	Horror
6065	Comedy
6082	Romance
6086	Thriller
6087	Romance
6088	Sci_Fi
6093	Fantasy
6096	Drama
6098	Comedy
6100	Romance
6101	Mystery
6107	War
6109	Romance
6115	Drama
6120	Fantasy
6123	Documentary
6126	Drama
6127	Drama
6129	Drama
6131	Comedy
6132	Mystery
6134	Musical
6136	Romance
6137	Romance
6139	Comedy
6140	Mystery
6143	Crime
6149	War
6153	Sci_Fi
6155	Romance
6157	Crime
6158	Children
6159	Romance
6160	Musical
6170	Children
6173	Children
6174	Thriller
6175	Thriller
6177	Action
6178	Romance
6179	Action
6181	War
6183	Romance
6184	Sci_Fi
6186	War
6187	Thriller
6188	Comedy
6192	Romance
6193	Thriller
6197	Mystery
6200	Comedy
6201	Romance
6204	Comedy
6208	Sci_Fi
6213	Thriller
6216	Drama
6217	Drama
6218	Romance
6220	Thriller
6222	Drama
6223	Crime
6226	Drama
6228	Romance
6232	Children
6235	War
6239	Sci_Fi
6241	Romance
6244	Drama
6245	Romance
6250	Sci_Fi
6251	Children
6254	Romance
6255	Drama
6257	Documentary
6263	War
6265	Comedy
6269	Documentary
6270	Fantasy
6280	Thriller
6281	Thriller
6283	Sci_Fi
6286	Crime
6287	Comedy
6288	Crime
6290	Horror
6291	Crime
6293	Romance
6296	Musical
6297	Mystery
6301	Thriller
6315	Comedy
6316	Fantasy
6322	Thriller
6327	Documentary
6328	War
6330	Crime
6334	Drama
6337	Thriller
6344	Romance
6346	Musical
6347	Musical
6349	Musical
6355	Musical
6356	Western
6357	Romance
6367	Romance
6370	Romance
6374	Comedy
6378	Crime
6379	Thriller
6380	Documentary
6385	Drama
6392	Western
6395	Sci_Fi
6398	Adventure
6403	Drama
6404	Romance
6405	Children
6407	Romance
6410	Comedy
6411	Comedy
6414	Musical
6416	War
6417	Action
6419	Drama
6427	Children
6428	War
6430	Musical
6432	Comedy
6433	Documentary
6435	War
6436	Drama
6437	War
6438	War
6439	War
6441	War
6443	Romance
6448	Adventure
6450	War
6452	Drama
6459	War
6460	Drama
6473	Thriller
6476	Mystery
6477	Drama
6478	Western
6480	Musical
6482	Comedy
6483	Romance
6484	Crime
6500	Horror
6506	Thriller
6509	Romance
6515	Film_Noir
6516	Drama
6521	Comedy
6527	Romance
6530	Mystery
6536	Fantasy
6541	Fantasy
6550	Thriller
6554	Musical
6555	Thriller
6576	Thriller
6579	Comedy
6581	Mystery
6582	Thriller
6602	Horror
6609	Drama
6618	Action
6626	Romance
6646	Drama
6649	Drama
6662	Crime
6672	War
6683	Drama
6699	Drama
6705	Thriller
6718	Comedy
6724	Crime
6729	Romance
6734	Romance
6735	Drama
6748	Horror
6749	Adventure
6780	Documentary
6782	Musical
6790	Fantasy
6793	Children
6812	Thriller
6815	Thriller
6819	Crime
6836	Sci_Fi
6837	Romance
6849	Fantasy
6856	Musical
6860	Crime
6867	Comedy
6870	Mystery
6872	Horror
6876	Drama
6932	Crime
6947	War
6952	Thriller
6956	Romance
6966	Fantasy
6974	Crime
6984	Drama
6989	Thriller
6994	Action
7000	Adventure
7001	Mystery
7006	Mystery
7017	Thriller
7045	Fantasy
7046	Fantasy
7065	War
7069	Drama
7073	Mystery
7081	Comedy
7082	Romance
7087	Adventure
7100	Drama
7120	Horror
7121	Romance
7128	Sci_Fi
7133	Sci_Fi
7139	Romance
7153	Fantasy
7157	Comedy
7158	Drama
7159	War
7162	War
7166	Children
7173	Romance
7177	Drama
7178	Drama
7199	Comedy
7205	Adventure
7206	Comedy
7209	Comedy
7210	Western
7212	Romance
7222	Comedy
7223	Film_Noir
7232	Drama
7236	Sci_Fi
7244	Sci_Fi
7245	Thriller
7252	Sci_Fi
7257	Thriller
7260	Romance
7272	Crime
7277	Drama
7280	Horror
7298	Thriller
7305	Mystery
7325	Thriller
7327	Drama
7328	Drama
7329	Drama
7333	Thriller
7336	War
7348	Thriller
7352	Romance
7360	Thriller
7361	Romance
7366	Romance
7371	Mystery
7377	Crime
7381	Crime
7411	Horror
7438	Thriller
7444	Romance
7446	Children
7450	Romance
7474	Drama
7482	Crime
7487	Drama
7492	Horror
7505	Mystery
7523	Thriller
7571	Film_Noir
7572	Drama
7581	Drama
7584	Romance
7636	Thriller
7650	Horror
7657	Fantasy
7700	Thriller
7751	Drama
7757	Fantasy
7759	Drama
7761	Drama
7767	Drama
7772	Film_Noir
7787	War
7808	Romance
7820	Crime
7826	Romance
7832	Mystery
7833	Mystery
7835	Romance
7836	Musical
7841	Fantasy
7845	Sci_Fi
7850	Musical
7878	Western
7882	Horror
7895	Thriller
7896	Western
7901	Horror
7934	Comedy
7941	Romance
7948	Comedy
7958	Crime
7976	Drama
7979	Musical
7983	Comedy
7991	Sci_Fi
8003	Horror
8008	Romance
8128	Drama
8131	Romance
8136	Sci_Fi
8137	Sci_Fi
8138	Sci_Fi
8157	Fantasy
8199	Thriller
8206	Horror
8222	Mystery
8238	Crime
8256	Romance
8258	Horror
8292	Romance
8340	Thriller
8361	Sci_Fi
8364	Drama
8378	Drama
8384	Romance
8387	Crime
8488	Drama
8491	Film_Noir
8494	Drama
8507	Horror
8520	Thriller
8535	Musical
8541	Comedy
8543	War
8572	Children
8578	Sci_Fi
8580	Fantasy
8596	Crime
8608	Thriller
8610	Fantasy
8612	Children
8618	Western
8623	Romance
8633	Sci_Fi
8638	Romance
8640	War
8661	Western
8663	Documentary
8695	Comedy
8700	War
8701	Horror
8722	Romance
8724	War
8738	Romance
8739	Drama
8765	Film_Noir
8773	Mystery
8779	Comedy
8786	Drama
8788	Sci_Fi
8809	Romance
8827	Documentary
8839	Horror
8840	Drama
8841	Comedy
8848	Drama
8851	Comedy
8856	Drama
8861	Sci_Fi
8887	Thriller
8894	Thriller
8903	Mystery
8921	Romance
8928	Horror
8948	Romance
8955	Thriller
8956	Drama
8963	Romance
8965	Fantasy
8972	Mystery
8984	Thriller
9013	Drama
9016	Horror
9017	Drama
25738	Adventure
25743	Romance
25746	Horror
25748	Thriller
25755	Horror
25765	Horror
25766	Drama
25767	Romance
25788	Crime
25797	Musical
25822	Fantasy
25829	War
25852	Mystery
25856	Romance
25865	Film_Noir
25870	Romance
25871	Musical
25872	Romance
25879	War
25886	Romance
25888	War
25894	Romance
25899	Musical
25900	Drama
25904	Film_Noir
25905	Romance
25914	Drama
25915	Drama
25916	War
25918	Drama
25920	Film_Noir
25923	Drama
25928	Drama
25929	Film_Noir
25947	Comedy
25974	Adventure
25989	Romance
26000	Drama
26025	Adventure
26051	Drama
26064	Thriller
26076	Mystery
26078	Drama
26084	Romance
26096	Drama
26125	Horror
26131	War
26133	Children
26140	Horror
26163	Musical
26164	Fantasy
26171	Comedy
26189	Comedy
26191	Drama
26222	Fantasy
26225	Romance
26226	Comedy
26228	Romance
26231	Thriller
26252	Romance
26265	Romance
26301	Drama
26314	Thriller
26317	Romance
26320	Sci_Fi
26325	War
26326	Drama
26338	Romance
26346	Drama
26356	Thriller
26386	Thriller
26387	Romance
26398	Sci_Fi
26400	Documentary
26446	Documentary
26468	Comedy
26472	Adventure
26492	Fantasy
26512	Thriller
26523	Thriller
26528	Children
26540	Horror
26542	Fantasy
26544	Comedy
26547	Thriller
26554	Mystery
26559	Thriller
26560	War
26569	Sci_Fi
26574	Comedy
26608	Crime
26629	Sci_Fi
26631	Fantasy
26663	Romance
26676	Comedy
26695	Drama
26698	Thriller
26702	Thriller
26704	Thriller
26708	War
26728	Drama
26731	Thriller
26745	Romance
26750	Western
26796	Romance
26812	Drama
26814	Sci_Fi
26840	Crime
26849	Fantasy
26858	Mystery
26915	Comedy
27003	Sci_Fi
27005	Mystery
27022	Thriller
27050	Action
27064	Children
27074	Sci_Fi
27095	Musical
27109	Thriller
27180	Adventure
27186	Fantasy
27193	Action
27251	Fantasy
27255	Drama
27271	Drama
27340	Romance
27370	Comedy
27420	Romance
27473	Mystery
27482	Mystery
27491	Mystery
27563	Musical
27571	Comedy
27584	Mystery
27668	Horror
27700	Drama
27706	Fantasy
27721	War
27727	Romance
27731	Fantasy
27741	Romance
27773	Mystery
27787	Romance
27792	Romance
27793	War
27797	Romance
27798	Horror
27815	Drama
27831	Thriller
27834	Drama
27837	Adventure
27838	Thriller
27873	Documentary
27904	Mystery
27911	Documentary
27919	Documentary
30896	Thriller
30991	Drama
31000	Comedy
31004	Drama
31101	Crime
31123	Crime
31150	War
31156	Sci_Fi
31420	Thriller
31422	Children
31424	Sci_Fi
31429	Documentary
31437	Drama
31545	Film_Noir
31588	Romance
31590	Thriller
31696	Fantasy
31700	Children
31851	Comedy
31856	Documentary
32124	Fantasy
32128	Comedy
32170	Crime
32213	Mystery
32261	War
32277	Romance
32300	Action
32325	War
32329	Drama
32375	Drama
32444	Romance
32562	Animation
32591	Romance
32777	Comedy
32781	Drama
32830	Crime
32866	Romance
32906	War
32914	Thriller
33136	Drama
33145	Romance
33162	War
33330	War
33823	Drama
33905	Crime
34051	Romance
34065	Thriller
34162	Romance
34214	Drama
34323	Horror
34469	Drama
34517	Mystery
34520	Adventure
34643	Fantasy
35015	Adventure
35957	Thriller
36326	Fantasy
36363	Sci_Fi
36477	Romance
36509	Mystery
36517	Thriller
36519	Thriller
37287	Drama
37729	Romance
37739	Drama
37857	Fantasy
38061	Mystery
38188	Mystery
38656	Comedy
39419	Thriller
39421	Comedy
39444	Comedy
39446	Thriller
39449	Romance
39481	Romance
39703	Romance
39768	War
39869	Drama
40033	Romance
40148	Thriller
40226	Romance
40278	War
40342	Romance
40412	Thriller
40457	Mystery
40478	Sci_Fi
40578	Action
40581	Romance
40583	Thriller
40591	Comedy
40617	Thriller
40629	Romance
40697	Sci_Fi
40732	Thriller
40826	Romance
40833	Drama
40851	Fantasy
40952	Drama
40955	Comedy
40964	Romance
40966	Drama
41014	Mystery
41058	Drama
41136	Film_Noir
41402	Drama
41566	Fantasy
41569	Fantasy
41573	Romance
41585	Film_Noir
41691	War
41699	Drama
41767	Romance
41828	War
41831	War
41863	Adventure
41997	Thriller
42002	Musical
42011	Crime
42208	Romance
42312	Romance
42335	Comedy
42418	Romance
42518	Romance
42543	Romance
42553	Adventure
42710	Thriller
42721	Fantasy
42723	Horror
42725	Comedy
42730	Drama
42794	Film_Noir
42900	Thriller
42958	Romance
43009	Horror
43022	Horror
43177	Crime
43248	Adventure
43267	Action
43333	Romance
43396	Drama
43460	Comedy
43497	Romance
43549	Horror
43560	Fantasy
43608	Sci_Fi
43628	Romance
43631	Romance
43652	Documentary
43679	Mystery
43710	Drama
43822	War
43853	Thriller
43914	Drama
43919	Romance
43921	Thriller
43928	Fantasy
43997	Documentary
44058	Crime
44100	Romance
44115	Romance
44168	Western
44191	Sci_Fi
44193	Romance
44195	Comedy
44197	Crime
44204	Crime
44587	Documentary
44611	Mystery
44633	Documentary
44655	War
44665	Mystery
44709	Drama
44761	Film_Noir
44779	Fantasy
44788	Documentary
44828	Sci_Fi
44849	Film_Noir
44861	Thriller
44864	Romance
44881	Mystery
44911	Romance
44929	Romance
44972	Horror
45028	Musical
45047	Adventure
45106	Comedy
45186	Thriller
45192	Fantasy
45221	Comedy
45224	Film_Noir
45303	Drama
45335	Romance
45431	Children
45442	Thriller
45499	Sci_Fi
45503	Drama
45506	Drama
45508	Drama
45517	Children
45642	Romance
45880	Romance
45928	Documentary
45969	Romance
46062	Romance
46105	Romance
46367	Thriller
46559	War
46561	Musical
46613	Sci_Fi
46716	Film_Noir
46723	Thriller
46772	Comedy
46919	Drama
46948	Fantasy
46967	Fantasy
47044	Thriller
47092	Film_Noir
47099	Drama
47122	Romance
47124	Fantasy
47200	Thriller
47202	Romance
47274	Drama
47394	Thriller
47404	Romance
47417	Thriller
47465	Fantasy
47477	Romance
47484	Crime
47503	Drama
47610	Romance
47619	Comedy
47629	Drama
47644	Drama
47665	Crime
47714	Romance
47721	Fantasy
47725	Romance
47736	Comedy
47740	War
47894	War
47904	Romance
47935	War
47997	Sci_Fi
47999	Documentary
48043	Romance
48165	Drama
48167	Comedy
48304	Thriller
48319	War
48516	Thriller
48520	Comedy
48543	Thriller
48560	Comedy
48593	Thriller
48598	Drama
48642	War
48698	Documentary
48704	Drama
48738	Thriller
48856	Crime
48879	Thriller
48943	Romance
48982	Animation
49007	Romance
49085	Drama
49098	Romance
49130	Romance
49132	Documentary
49272	Thriller
49284	Romance
49286	Romance
49299	Romance
49396	Musical
49524	Drama
49571	Horror
49593	Romance
49649	Fantasy
49737	Fantasy
49746	War
49910	Drama
49929	Romance
49932	Mystery
49957	Comedy
49961	Drama
49973	Horror
50011	Fantasy
50068	War
50147	Thriller
50160	Drama
50162	Fantasy
50189	Romance
50245	Drama
50440	Thriller
50442	Crime
50447	Mystery
50477	Drama
50514	Drama
50533	Documentary
50601	Fantasy
50613	Horror
50619	Fantasy
50641	Fantasy
50703	Documentary
50742	Documentary
50774	Horror
50796	Romance
50842	Comedy
50872	Children
50886	Thriller
50898	Romance
50940	Thriller
50949	Crime
51007	War
51014	Sci_Fi
51024	Fantasy
51063	Crime
51077	Fantasy
51080	Thriller
51086	Mystery
51174	Drama
51187	Drama
51249	Sci_Fi
51255	Mystery
51277	Adventure
51304	Thriller
51317	Drama
51321	Mystery
51372	Musical
51380	Comedy
51412	Sci_Fi
51418	Drama
51498	Horror
51617	Romance
51619	Sci_Fi
51662	War
51678	Drama
51857	Drama
51911	Romance
52005	Mystery
52088	Drama
52170	Comedy
52241	Thriller
52279	Comedy
52287	Sci_Fi
52328	Sci_Fi
52427	Comedy
52456	Mystery
52572	Thriller
52583	Romance
52660	Horror
52694	Comedy
52717	Thriller
52722	Sci_Fi
52831	Thriller
52838	Romance
52865	Comedy
52952	Drama
52956	Crime
52973	Romance
53000	Sci_Fi
53002	Romance
53066	Film_Noir
53121	Fantasy
53125	Fantasy
53138	Fantasy
53183	Action
53318	Romance
53379	Mystery
53435	Thriller
53443	Romance
53447	Crime
53519	Thriller
53752	Mystery
53766	Crime
53769	Romance
53827	Drama
53883	Documentary
53919	Adventure
53967	War
53974	Romance
53993	Fantasy
54004	Romance
54049	Thriller
54075	War
54176	War
54248	Comedy
54274	Thriller
54372	Mystery
54426	Comedy
54480	Fantasy
54510	Thriller
54519	Drama
54686	War
54725	Comedy
54783	Romance
54796	Romance
54878	Western
54910	Thriller
54964	Thriller
54978	Romance
55020	Comedy
55063	Fantasy
55094	Mystery
55106	Romance
55118	Thriller
55159	Crime
55190	Romance
55199	Thriller
55205	Drama
55232	Sci_Fi
55250	Comedy
55253	War
55267	Romance
55269	Adventure
55284	Thriller
55288	Thriller
55360	Drama
55363	Western
55389	Thriller
55444	Drama
55451	Romance
55553	Horror
55555	Drama
55620	Documentary
55652	Crime
55732	Comedy
55757	Romance
55765	Thriller
55768	Animation
55805	Thriller
55820	Crime
55830	Comedy
55844	Romance
55856	Children
55872	Musical
55875	Sci_Fi
55901	Musical
55908	Sci_Fi
55946	War
55999	Fantasy
56093	War
56098	War
56152	Fantasy
56156	Thriller
56169	Thriller
56171	Fantasy
56174	Sci_Fi
56274	Drama
56286	Drama
56350	War
56367	Romance
56370	War
56389	Romance
56432	Crime
56479	Documentary
56561	Documentary
56580	Documentary
56599	Documentary
56607	Drama
56719	Drama
56757	Musical
56805	Musical
56848	Thriller
56869	Comedy
56885	Drama
56908	Romance
56931	Mystery
57183	Drama
57223	Fantasy
57353	Crime
57418	Romance
57430	Musical
57464	Drama
57484	Western
57502	Animation
57504	Romance
57640	Fantasy
57854	Romance
57873	Sci_Fi
57972	Documentary
58078	Romance
58291	Comedy
58293	Romance
58306	War
58332	Sci_Fi
58334	Romance
58485	Romance
58559	Crime
58740	Romance
58783	Romance
58876	War
58879	Musical
58881	Drama
58975	Thriller
59037	Sci_Fi
59112	Comedy
59114	Thriller
59182	Adventure
59290	Drama
59315	Sci_Fi
59362	Thriller
59602	Romance
59604	Thriller
59615	Sci_Fi
59738	Mystery
59900	Comedy
59910	Drama
59938	Thriller
59974	Drama
60007	Sci_Fi
60037	Sci_Fi
60106	Musical
60128	Comedy
60141	Children
60189	Comedy
60223	Mystery
60227	Romance
60314	Western
60365	Fantasy
60389	War
60609	Mystery
60745	Thriller
60753	Crime
61160	Sci_Fi
61250	Comedy
61350	Sci_Fi
61434	War
61451	War
61692	Sci_Fi
61948	Thriller
61961	Sci_Fi
62113	Comedy
62155	Romance
62157	Romance
62198	Documentary
62293	Romance
62383	Sci_Fi
62394	Thriller
62434	Romance
62586	Fantasy
62916	Adventure
62970	Fantasy
63121	Romance
64037	Mystery
64231	Thriller
64285	Animation
64418	Documentary
64701	Mystery
64921	Adventure
64923	Crime
64926	War
65025	Musical
65063	Drama
65091	Romance
65227	Comedy
65230	Comedy
65290	War
65514	War
65585	Romance
65612	Adventure
65738	Comedy
65802	Crime
65810	Musical
65984	Western
66068	Thriller
66279	Drama
66310	Thriller
66330	Drama
66547	Mystery
66665	Romance
66785	Western
66857	Romance
66915	Musical
66977	Romance
67087	Comedy
67267	Comedy
67361	Mystery
67464	Romance
67675	Romance
67695	Action
67734	Comedy
67957	Musical
68159	Thriller
68222	Mystery
68263	Drama
68269	Romance
68288	Thriller
68347	Thriller
68486	War
68600	Comedy
68612	Documentary
68793	Action
68835	Romance
68899	Mystery
68941	Thriller
69140	Thriller
69155	Crime
69341	Thriller
69372	Sci_Fi
69429	Romance
69453	Sci_Fi
69495	Romance
69506	Horror
69644	Romance
69674	Film_Noir
69677	Romance
69699	Comedy
69818	Romance
69934	Romance
69951	Fantasy
70046	Mystery
70157	Romance
70293	Romance
70418	Romance
70531	Romance
70533	Sci_Fi
70567	Romance
70607	Thriller
70663	Romance
70871	Romance
71108	Mystery
71154	Thriller
71168	Romance
71211	Thriller
71327	Romance
71450	Documentary
71494	Thriller
71497	War
71550	Mystery
71558	Comedy
71717	War
71804	Romance
71865	Drama
71867	Drama
71902	Romance
71980	Romance
71991	Drama
72013	Drama
72209	Sci_Fi
72405	Crime
72407	Romance
72479	War
72489	Thriller
72670	Thriller
72733	Drama
72947	Romance
72998	Sci_Fi
73000	Romance
73168	Thriller
73240	Romance
73256	Thriller
73261	Drama
73266	Romance
73587	Comedy
73772	Drama
73808	Thriller
73868	Documentary
74306	Drama
74327	Comedy
74431	Drama
74452	Thriller
74473	Mystery
74506	Romance
74510	Mystery
74588	Crime
74624	Romance
74677	Documentary
74685	Sci_Fi
74750	Thriller
74916	Comedy
75395	Thriller
75940	Drama
75983	Adventure
75985	Sci_Fi
76277	Romance
76317	Thriller
76836	Drama
77156	Romance
77184	Crime
77427	Horror
77481	Horror
77496	War
77667	Action
77729	Thriller
77780	Sci_Fi
77798	Fantasy
77800	Comedy
77816	Documentary
77833	Documentary
77837	Drama
77843	Thriller
77866	War
77921	Romance
77944	Documentary
77947	Comedy
77951	Drama
78034	Romance
78039	Romance
78041	Action
78103	War
78105	Romance
78122	Musical
78209	Comedy
78266	Sci_Fi
78316	Romance
78332	Romance
78335	Fantasy
78349	Mystery
78358	Drama
78376	Drama
78418	Drama
78420	Film_Noir
78438	Film_Noir
78445	War
78467	Western
78499	Fantasy
78557	Romance
78637	Fantasy
78679	Western
78703	Romance
78746	Documentary
78748	Documentary
78759	Drama
78836	Drama
78860	Drama
78909	Drama
78944	War
78967	Romance
78978	Romance
79003	Romance
79029	Musical
79139	Fantasy
79185	Thriller
79207	Mystery
79224	Children
79242	Comedy
79247	Sci_Fi
79287	Fantasy
79299	Mystery
79357	Romance
79395	Romance
79428	Comedy
79430	Documentary
79463	Fantasy
79477	Comedy
79498	Mystery
79525	Film_Noir
79528	Adventure
79541	Comedy
79547	Thriller
79553	Action
79561	Horror
79580	War
79588	Romance
79590	Romance
79592	Action
79633	Drama
79647	Mystery
79651	Drama
79656	Musical
79681	War
79695	Thriller
79828	Drama
79830	War
79850	Documentary
79860	Thriller
79868	Fantasy
79874	Film_Noir
79910	Romance
79923	Comedy
79955	Romance
79996	Thriller
80020	Romance
80022	Romance
80111	Drama
80122	Drama
80144	Romance
80152	Drama
80191	War
80219	Thriller
80241	Romance
80258	Romance
80290	Comedy
80350	Comedy
80363	Sci_Fi
80400	Crime
80432	Comedy
80454	Drama
80463	Drama
80469	Animation
80586	Romance
80588	Documentary
80590	Drama
80615	Fantasy
80619	Musical
80661	Adventure
80693	Comedy
80715	Documentary
80725	Western
80748	Fantasy
80775	Romance
80831	Mystery
80834	Fantasy
80839	Adventure
80846	Mystery
80848	Romance
80862	Mystery
80903	Romance
80906	Documentary
80926	Fantasy
80969	Romance
80990	Romance
81018	Animation
81061	Film_Noir
81083	Sci_Fi
81094	Documentary
81125	Drama
81132	Film_Noir
81145	Romance
81162	Sci_Fi
81191	Documentary
81270	Thriller
81276	Documentary
81347	Romance
81385	Drama
81417	Horror
81495	Thriller
81516	Mystery
81537	Comedy
81562	Thriller
81564	Sci_Fi
81591	Thriller
81610	Romance
81631	Sci_Fi
81637	Animation
81641	Thriller
81646	Musical
81660	Sci_Fi
81753	Documentary
81768	Fantasy
81782	Thriller
81784	Romance
81786	Drama
81791	Drama
81804	Romance
81834	Fantasy
81845	Drama
81847	Romance
81932	Drama
82015	Film_Noir
82017	Adventure
82026	Drama
82041	Horror
82059	Thriller
82088	Drama
82123	Crime
82129	Drama
82152	Romance
82169	Fantasy
82173	Comedy
82182	Comedy
82196	Drama
82242	Action
82300	Action
82302	Crime
82315	Drama
82360	Horror
82378	Mystery
82447	Adventure
82459	Western
82461	Sci_Fi
82463	Drama
82527	Drama
82534	Drama
82584	Romance
82589	Drama
82597	Romance
82703	Fantasy
82722	Children
82744	Crime
82767	Drama
82854	Fantasy
82857	Western
83004	Comedy
83056	Romance
83082	Drama
83086	Romance
83115	Fantasy
83132	Fantasy
83134	Horror
83184	Crime
83246	Western
83258	Comedy
83270	Comedy
83302	Romance
83320	Comedy
83343	Comedy
83369	Drama
83374	Fantasy
83376	Drama
83464	Comedy
83579	Thriller
83585	Horror
83590	Fantasy
83613	Western
83660	Sci_Fi
83664	Drama
83666	Drama
83801	Documentary
83821	Drama
83823	Sci_Fi
83825	Fantasy
83827	Documentary
83897	Comedy
83910	Comedy
83912	Drama
83976	Comedy
84125	Romance
84137	Thriller
84148	Sci_Fi
84152	Sci_Fi
84273	Documentary
84298	Drama
84302	Romance
84312	Children
84374	Romance
84395	Thriller
84469	Drama
84475	Crime
84479	Thriller
84523	Action
84601	Mystery
84637	Romance
84665	Musical
84686	Romance
84732	Mystery
84775	Drama
84834	War
84844	Crime
84942	Fantasy
84950	Comedy
84954	Romance
84989	Documentary
85007	Comedy
85016	Documentary
85022	Comedy
85025	Adventure
85056	Sci_Fi
85129	War
85131	War
85133	Horror
85177	Crime
85205	Romance
85211	Romance
85213	Drama
85215	Action
85342	Crime
85354	Crime
85392	Romance
85394	Documentary
85438	Romance
85453	Thriller
85510	Fantasy
85547	Documentary
85686	Mystery
85736	Sci_Fi
85774	Documentary
85777	Adventure
85780	Sci_Fi
85861	Romance
86000	Comedy
86066	Comedy
86087	Comedy
86151	Documentary
86190	Mystery
86237	Documentary
86279	Documentary
86290	Documentary
86293	Comedy
86295	Mystery
86308	Comedy
86332	Fantasy
86345	Comedy
86412	Children
86418	Film_Noir
86455	Thriller
86559	Horror
86590	Drama
86628	Crime
86637	War
86644	Thriller
86655	Drama
86657	Drama
86687	Crime
86715	Horror
86781	War
86785	Romance
86787	Romance
86802	Mystery
86811	Romance
86815	Action
86829	Drama
86858	Film_Noir
86864	Fantasy
86882	Romance
86884	Drama
86892	Thriller
86894	Film_Noir
86898	Drama
86911	Comedy
86947	Drama
86973	War
87004	Musical
87028	Thriller
87038	Film_Noir
87069	Drama
87085	Drama
87192	Sci_Fi
87194	Drama
87216	Thriller
87232	War
87298	Comedy
87302	Romance
87304	Drama
87306	Mystery
87308	Romance
87405	Romance
87415	Romance
87433	Fantasy
87485	Comedy
87520	War
87529	Fantasy
87549	Thriller
87660	Drama
87662	Mystery
87761	Comedy
87773	Drama
87872	Sci_Fi
87890	Mystery
87913	Romance
87919	Romance
87921	Thriller
87948	Drama
87979	Thriller
88053	Drama
88094	Documentary
88125	Fantasy
88129	Film_Noir
88135	Romance
88163	Romance
88194	Romance
88235	Crime
88237	Romance
88272	Horror
88299	Documentary
88329	Crime
88341	Thriller
88374	Drama
88417	Drama
88473	Drama
88515	Thriller
88518	Musical
88578	Drama
88593	Thriller
88595	Romance
88672	Comedy
88690	Thriller
88704	Musical
88744	Sci_Fi
88746	Comedy
88812	Crime
88837	Comedy
88894	Romance
88925	Romance
88954	Comedy
88979	Romance
89028	Thriller
89030	Horror
89039	Romance
89047	Drama
89074	Documentary
89087	Thriller
89102	Documentary
89104	Sci_Fi
89118	Drama
89139	Mystery
89170	Comedy
89190	Fantasy
89219	Sci_Fi
89277	Mystery
89305	Adventure
89315	Documentary
89343	Thriller
89386	Musical
89398	War
89406	Romance
89470	Sci_Fi
89490	Thriller
89580	Drama
89582	Thriller
89586	Children
89607	Mystery
89629	Thriller
89662	Documentary
89678	Romance
89707	Drama
89745	Sci_Fi
89759	Drama
89804	Drama
89837	Mystery
89840	Thriller
89864	Comedy
89877	Drama
89881	Mystery
89896	Drama
89900	Drama
89904	Romance
89930	Documentary
89945	Sci_Fi
89985	Documentary
90005	Mystery
90108	Drama
90206	Documentary
90245	Documentary
90268	Sci_Fi
90321	Film_Noir
90343	Musical
90350	Documentary
90374	Thriller
90376	Thriller
90403	Adventure
90405	Sci_Fi
90413	Drama
90426	Comedy
90430	Comedy
90434	Thriller
90439	Thriller
90458	Romance
90460	Sci_Fi
90469	Horror
90471	Drama
90549	War
90574	Comedy
90690	Drama
90717	Crime
90746	Mystery
90748	War
90751	Thriller
90809	Drama
90819	Adventure
90866	Mystery
90868	Drama
90873	Thriller
90878	Drama
90888	Fantasy
90890	Comedy
90914	Action
91026	Thriller
91028	Fantasy
91035	Drama
91048	Comedy
91054	Sci_Fi
91079	Romance
91128	Thriller
91206	Horror
91233	Sci_Fi
91241	Romance
91250	Action
91253	Musical
91273	Fantasy
91304	Sci_Fi
91323	Comedy
91335	Children
91391	Comedy
91393	Drama
91416	Thriller
91419	Romance
91488	Musical
91492	Musical
91494	War
91500	Sci_Fi
91505	Romance
91513	Comedy
91571	Thriller
91622	Comedy
91653	Comedy
91658	Thriller
91666	Romance
91690	Comedy
91709	Horror
91755	Documentary
91808	Drama
91821	Musical
91869	Documentary
91873	Musical
91884	Romance
91890	Drama
91902	Drama
91929	Documentary
91935	Drama
91947	Horror
91974	Fantasy
91978	Thriller
91993	Drama
91995	Mystery
91997	Drama
92008	Thriller
92023	Film_Noir
92046	Comedy
92048	Thriller
92058	Horror
92083	Drama
92176	Romance
92184	Thriller
92192	Sci_Fi
92231	Fantasy
92252	Documentary
92259	Comedy
92266	Sci_Fi
92309	Thriller
92335	Romance
92357	Documentary
92393	Mystery
92420	Sci_Fi
92422	Thriller
92453	Mystery
92479	Comedy
92483	Drama
92490	Musical
92509	Romance
92514	Mystery
92522	Drama
92637	Fantasy
92670	Documentary
92681	Sci_Fi
92751	Comedy
92756	Western
92760	Sci_Fi
92781	Documentary
92923	Horror
92980	War
93008	Musical
93022	Crime
93035	Drama
93070	Comedy
93126	Horror
93164	Thriller
93265	Drama
93270	Comedy
93272	Fantasy
93326	Romance
93363	Sci_Fi
93408	Romance
93443	Comedy
93463	Mystery
93467	Romance
93469	Romance
93484	War
93510	Crime
93552	Thriller
93574	Mystery
93610	Adventure
93665	Sci_Fi
93748	Sci_Fi
93764	Mystery
93790	Drama
93797	Sci_Fi
93805	Sci_Fi
93816	Mystery
93834	Thriller
93838	Crime
93859	War
93933	Drama
93952	Thriller
94015	Fantasy
94018	Sci_Fi
94061	Mystery
94109	Action
94126	Crime
94144	Crime
94150	Romance
94202	Drama
94218	Sci_Fi
94262	Sci_Fi
94280	Comedy
94283	Thriller
94299	Thriller
94325	Drama
94394	Drama
94401	Documentary
94433	Crime
94466	Sci_Fi
94478	Horror
94480	Fantasy
94542	Drama
94573	Musical
94677	Comedy
94750	Musical
94752	Drama
94760	Crime
94762	Drama
94777	Sci_Fi
94780	Adventure
94799	Mystery
94833	Children
94864	Sci_Fi
94953	Comedy
94959	Romance
95058	Drama
95064	Thriller
95088	Comedy
95107	Horror
95167	Children
95175	Drama
95185	Mystery
95197	Romance
95205	Comedy
95296	War
95307	Musical
95309	Romance
95441	Fantasy
95449	Romance
95477	Sci_Fi
95488	Adventure
95491	Comedy
95494	Documentary
95508	Thriller
95510	Sci_Fi
95570	Drama
95695	Drama
95717	Adventure
95735	Comedy
95744	Comedy
95748	Thriller
95830	War
95873	Romance
95939	Comedy
96058	Documentary
96062	Thriller
96075	Drama
96079	Thriller
96110	Comedy
96223	Comedy
96264	Documentary
96281	Animation
96347	Mystery
96411	Documentary
96415	Sci_Fi
96417	Thriller
96430	Fantasy
96432	Crime
96473	Mystery
96486	Mystery
96490	Thriller
96496	Thriller
96501	Comedy
96545	Musical
96565	Comedy
96578	Comedy
96606	Documentary
96610	Sci_Fi
96655	Sci_Fi
96662	Documentary
96667	Documentary
96687	Comedy
96717	Comedy
96724	Documentary
96728	Drama
96737	Sci_Fi
96753	Comedy
96762	Documentary
96792	Romance
96811	Thriller
96821	Romance
96917	Thriller
96919	Comedy
96921	Horror
96941	Documentary
96960	Sci_Fi
96975	Romance
96983	Romance
96985	Drama
96991	Musical
97008	Drama
97010	Horror
97035	Horror
97037	Mystery
97039	Romance
97046	Horror
97057	Documentary
97128	Drama
97151	Documentary
97172	Animation
97188	Thriller
97200	Mystery
97242	Sci_Fi
97244	Comedy
97246	Mystery
97254	Drama
97283	Horror
97296	Mystery
97306	Crime
97311	Comedy
97464	Drama
97536	Comedy
97538	Drama
97600	Drama
97615	Comedy
97690	War
97697	Thriller
97713	Sci_Fi
97742	Mystery
97752	Sci_Fi
97761	Romance
97785	Mystery
97817	Documentary
97836	Action
97860	Thriller
97866	Documentary
97908	Drama
97921	Comedy
97923	Drama
97973	Thriller
98015	Romance
98017	Drama
98019	Sci_Fi
98054	Thriller
98056	Romance
98080	Thriller
98087	Horror
98114	Horror
98116	Fantasy
98124	Sci_Fi
98154	War
98160	Comedy
98171	Romance
98200	Romance
98203	Romance
98213	Drama
98275	Thriller
98279	Comedy
98346	Musical
98348	Romance
98361	Fantasy
98376	Romance
98400	Fantasy
98445	Documentary
98447	Comedy
98460	Drama
98485	Mystery
98499	Action
98523	Sci_Fi
98604	Romance
98809	Fantasy
98975	Sci_Fi
99007	Romance
99012	Horror
99024	Thriller
99041	Drama
99056	Romance
99058	Drama
99068	Thriller
99089	Romance
99117	Drama
99119	Horror
99126	Drama
99143	Fantasy
99147	War
99182	Adventure
99191	Horror
99220	Comedy
99222	Horror
99238	Mystery
99273	Musical
99395	Sci_Fi
99413	Horror
99417	Documentary
99437	Fantasy
99450	Documentary
99468	Documentary
99499	Adventure
99502	Comedy
99523	Comedy
99598	Comedy
99604	Thriller
99633	Crime
99687	Thriller
99724	Crime
99728	Crime
99750	Thriller
99764	Fantasy
99809	Documentary
99813	Animation
99815	Thriller
99817	Drama
99839	Musical
99843	Documentary
99846	Documentary
99901	Sci_Fi
99906	Romance
99912	Horror
99917	Romance
99957	Thriller
100008	Documentary
100034	Documentary
100068	Comedy
100087	Horror
100089	Western
100108	Thriller
100138	Drama
100163	Fantasy
100165	Documentary
100188	Documentary
100190	Animation
100229	Mystery
100238	Drama
100255	Comedy
100268	Horror
100272	Drama
100306	Horror
100338	Documentary
100342	Drama
100365	Documentary
100383	Mystery
100397	Horror
100408	Animation
100411	Drama
100440	War
100442	Crime
100498	Thriller
100505	Western
100517	Documentary
100527	Romance
100538	Musical
100579	Sci_Fi
100611	Sci_Fi
100714	Romance
100810	Sci_Fi
100830	Romance
100838	Documentary
100840	Drama
100843	Comedy
100884	Documentary
101003	Documentary
101025	Fantasy
101070	Drama
101076	Sci_Fi
101079	Romance
101086	Comedy
101142	Animation
101148	War
101160	Documentary
101180	Fantasy
101197	Drama
101207	War
101235	Drama
101239	Romance
101241	Thriller
101337	Horror
101339	Horror
101360	Thriller
101413	Drama
101425	Musical
101428	Thriller
101446	Drama
101525	Crime
101577	Romance
101612	Romance
101695	Drama
101703	Drama
101710	Crime
101739	Horror
101741	Thriller
101756	Comedy
101761	Thriller
101782	Documentary
101857	Documentary
101864	Sci_Fi
101893	Romance
101895	Drama
101897	Thriller
101908	Thriller
101918	Documentary
101962	Fantasy
101973	Thriller
101989	Sci_Fi
101991	Mystery
102005	Drama
102033	Crime
102047	Romance
102051	Animation
102070	Sci_Fi
102113	Sci_Fi
102123	Action
102160	Thriller
102190	Romance
102263	Horror
102265	Horror
102267	Romance
102390	Sci_Fi
102477	Animation
102557	Romance
102590	Fantasy
102604	Documentary
102675	Drama
102686	Comedy
102735	Action
102747	Comedy
102749	Crime
102758	Sci_Fi
102779	Sci_Fi
102792	Drama
102800	Comedy
102802	Thriller
102819	Drama
102848	Sci_Fi
102856	Drama
102880	Sci_Fi
102897	Documentary
102899	Horror
102903	Mystery
102905	Drama
102912	Documentary
102917	War
102922	Thriller
102963	Comedy
102967	Drama
102989	Comedy
103006	Crime
103027	Romance
103048	Comedy
103081	Documentary
103083	Drama
103103	Horror
103137	Crime
103141	Animation
103164	Comedy
103166	Documentary
103190	Fantasy
103221	Romance
103249	Horror
103253	Sci_Fi
103273	Horror
103299	Thriller
103315	Fantasy
103322	Fantasy
103324	Sci_Fi
103330	Mystery
103335	Children
103372	Crime
103384	Western
103446	Horror
103452	Documentary
103454	Documentary
103465	Thriller
103474	Documentary
103543	Comedy
103567	Comedy
103606	Romance
103635	Documentary
103645	Sci_Fi
103653	Fantasy
103669	Thriller
103685	War
103688	Thriller
103721	Sci_Fi
103727	Sci_Fi
103736	Thriller
103739	Fantasy
103749	Drama
103772	Fantasy
103816	Horror
103836	Drama
103883	Crime
103908	Documentary
103974	Documentary
103980	Drama
103982	Sci_Fi
104019	Horror
104074	Fantasy
104099	Animation
104132	Horror
104137	Comedy
104144	Children
104153	Sci_Fi
104211	Crime
104233	Mystery
104243	Sci_Fi
104283	Romance
104301	Drama
104319	Drama
104339	Comedy
104374	Romance
104384	Musical
104449	Action
104457	Thriller
104459	Comedy
104480	Fantasy
104583	Animation
104599	Documentary
104601	Thriller
104604	Drama
104644	Comedy
104726	Documentary
104733	Comedy
104772	Horror
104823	Musical
104829	Comedy
104849	Thriller
104863	Romance
104875	Musical
104879	Mystery
104881	Thriller
104906	Romance
104913	Action
104925	Crime
105037	Comedy
105057	Drama
105130	War
105161	Documentary
105178	Sci_Fi
105250	Documentary
105254	Adventure
105314	Romance
105351	Thriller
105355	Romance
105375	Thriller
105386	Thriller
105499	War
105519	Fantasy
105533	Romance
105540	Musical
105585	Thriller
105593	Crime
105731	Horror
105733	Drama
105742	Thriller
105748	Mystery
105755	Thriller
105794	Romance
105803	Sci_Fi
105835	Thriller
105855	Romance
105985	Documentary
105987	Documentary
106002	Sci_Fi
106022	Children
106032	Horror
106062	Comedy
106066	Crime
106068	Documentary
106072	Fantasy
106100	Drama
106163	Drama
106173	Documentary
106195	Thriller
106197	Comedy
106204	Drama
106212	Documentary
106230	Documentary
106234	Drama
106243	Sci_Fi
106256	Drama
106270	Musical
106297	Fantasy
106330	Romance
106344	Comedy
106365	Thriller
106369	Thriller
106438	Comedy
106473	Fantasy
106475	Thriller
106489	Fantasy
106491	Fantasy
106493	Drama
106498	Fantasy
106540	Comedy
106565	Horror
106696	Romance
106702	Horror
106704	Crime
106722	Documentary
106729	Sci_Fi
106739	Horror
106768	Drama
106785	Thriller
106841	Comedy
106850	Drama
106892	Documentary
106916	Crime
106981	Sci_Fi
106986	Children
106988	Comedy
106996	Crime
107075	Fantasy
107102	Documentary
107130	Drama
107141	Comedy
107185	Thriller
107338	Crime
107352	War
107404	Thriller
107406	Sci_Fi
107408	War
107436	Mystery
107447	Crime
107614	Comedy
107619	Romance
107643	Film_Noir
107675	Crime
107700	Documentary
107718	Mystery
107769	Thriller
107771	Romance
107780	Musical
107875	Crime
107949	Romance
107980	Drama
107982	Sci_Fi
107987	Romance
107997	Mystery
108005	Drama
108016	War
108041	Comedy
108100	Documentary
108120	Children
108132	War
108134	Adventure
108188	Thriller
108192	Drama
108243	Horror
108253	Mystery
108255	War
108370	Drama
108445	Drama
108514	Romance
108536	Documentary
108569	Thriller
108577	Crime
108660	Documentary
108709	War
108713	Comedy
108857	Thriller
108866	Musical
108932	Fantasy
108949	Crime
108953	Thriller
109000	Comedy
109008	Drama
109027	Comedy
109055	Mystery
109187	Fantasy
109207	Fantasy
109277	Romance
109330	Western
109374	Comedy
109376	Comedy
109390	Mystery
109397	Crime
109459	Drama
109596	Animation
109665	Mystery
109673	War
109682	Comedy
109710	Drama
109738	Western
109740	Romance
109742	Thriller
109771	Horror
109806	Comedy
109846	Animation
109848	Sci_Fi
109850	Crime
109858	Romance
109864	Crime
109891	Thriller
109929	Documentary
109963	Comedy
109971	Comedy
109985	Thriller
110061	Drama
110102	Sci_Fi
110132	Sci_Fi
110233	Drama
110286	Thriller
110387	Documentary
110445	Fantasy
110451	Horror
110459	Thriller
110497	War
110501	Thriller
110586	Comedy
110597	Fantasy
110629	Comedy
110675	Romance
110730	Sci_Fi
110750	Drama
110781	Musical
110809	Fantasy
110873	Adventure
110882	Drama
111113	Comedy
111228	Documentary
111314	War
111316	Sci_Fi
111345	Crime
111384	Thriller
111387	Drama
111405	Musical
111443	Comedy
111486	Thriller
111507	War
111628	Sci_Fi
111632	Musical
111702	Western
111743	Western
111745	Thriller
111778	Adventure
111800	Comedy
111813	Documentary
111868	Musical
111921	Romance
112006	Children
112085	Comedy
112087	Romance
112171	Thriller
112175	Animation
112183	Comedy
112245	Drama
112279	Documentary
112290	Drama
112301	Comedy
112316	Musical
112338	Documentary
112355	Fantasy
112444	Horror
112479	Comedy
112481	Comedy
112506	Sci_Fi
112515	Thriller
112642	Thriller
112689	Mystery
112772	Sci_Fi
112774	Horror
112778	Horror
112782	Horror
112802	Thriller
112852	Sci_Fi
112866	Mystery
112868	Sci_Fi
112911	Adventure
112946	Comedy
113001	Comedy
113022	Sci_Fi
113071	Sci_Fi
113083	War
113103	Romance
113126	Documentary
113143	Sci_Fi
113159	Romance
113188	Crime
113205	Comedy
113207	Musical
113218	Sci_Fi
113234	Mystery
113250	Thriller
113315	Comedy
113466	Documentary
113532	Comedy
113539	Drama
113573	Thriller
113640	Thriller
113739	Documentary
113775	Crime
113800	Mystery
113908	Documentary
114007	Mystery
114009	Documentary
114013	Mystery
114040	Thriller
114060	Thriller
114119	Romance
114130	Romance
114164	Comedy
114180	Mystery
114246	Mystery
114331	Documentary
114426	Crime
114436	Mystery
114459	Romance
114461	Fantasy
114494	Thriller
114552	Fantasy
114601	Comedy
114662	War
114670	Horror
114707	Mystery
114713	Horror
114791	Musical
114795	Fantasy
114814	Crime
114818	Crime
114847	Sci_Fi
114854	Documentary
114856	Fantasy
114888	Horror
114928	Sci_Fi
115122	Horror
115145	Documentary
115151	Crime
115203	Documentary
115216	Western
115235	Western
115414	Sci_Fi
115479	Sci_Fi
115526	Horror
115569	Thriller
115617	Animation
115622	Sci_Fi
115664	Romance
115667	Romance
116002	Documentary
116080	Horror
116161	Drama
116191	Thriller
116213	Children
116397	Thriller
116722	Comedy
116754	Comedy
116799	Romance
116821	Comedy
116839	Drama
116855	Romance
116901	Sci_Fi
116905	Fantasy
116945	Drama
116947	Comedy
117065	Mystery
117176	Romance
117442	Children
117444	Fantasy
117448	Fantasy
117515	Documentary
117549	Thriller
117551	Drama
117726	Comedy
117752	Comedy
117849	Comedy
117851	Children
117873	Documentary
117877	Animation
117889	Romance
118082	Thriller
118109	Sci_Fi
118246	Drama
118704	Documentary
118710	Romance
118862	Comedy
118880	Romance
118882	Romance
118900	Drama
118940	Animation
118997	Fantasy
119065	Mystery
119141	Action
119214	Documentary
119218	Crime
119224	Comedy
119424	Thriller
119571	Drama
119977	Fantasy
120132	Musical
120134	Comedy
120284	Animation
120462	Fantasy
120474	Children
120536	Mystery
120623	Comedy
120635	Thriller
120639	Drama
120759	Drama
120825	Thriller
120861	Romance
120921	Horror
121111	Sci_Fi
121145	Documentary
121298	Romance
121338	Romance
121545	Fantasy
122936	Drama
125077	Comedy
125565	Documentary
125596	Children
125661	Children
125904	Thriller
125916	Drama
126426	Sci_Fi
126430	War
126562	Thriller
126586	Documentary
126599	Comedy
126919	Romance
126937	Fantasy
127116	Drama
127136	Mystery
127321	Thriller
127390	Animation
127433	Crime
127453	Drama
127610	Comedy
128303	Comedy
128600	Thriller
128612	Mystery
128648	Thriller
128734	Musical
128738	Drama
128844	Sci_Fi
128971	Drama
128981	Comedy
129415	Romance
129435	Thriller
129857	Romance
129913	Thriller
130444	Fantasy
130490	Romance
130626	Romance
